{
  "ford_assets": {
    "ford_logo_primary": "/assets/ford/ford_logo_primary.png",
    "ford_mustang": "/assets/ford/ford_mustang.jpg",
    "ford_f150": "/assets/ford/ford_f150.jpg",
    "ford_explorer": "/assets/ford/ford_explorer.jpg",
    "ford_showroom": "/assets/ford/ford_showroom.jpg",
    "ford_bronco": "/assets/ford/ford_bronco.jpg",
    "ford_corporate": "/assets/ford/ford_corporate.jpg",
    "ford_logo_blue": "/assets/ford/ford_logo_blue.png"
  },
  "base_path": "/home/ubuntu/proyectofordyude/app/public/assets/ford/",
  "web_path": "/assets/ford/",
  "total_downloaded": 8,
  "failed_downloads": []
}